/* make sure tables are empty */

DELETE FROM Shipment_T;
DELETE FROM Equipment_T;
DELETE FROM Vendor_T;
DELETE FROM ClientProject_T;
DELETE FROM Client_T;
DELETE FROM JobArchive_T;
DELETE FROM JobTitle_T;


/* Load only JobTitle, JobArchive, Client, ClientProject, Vendor, Equipment and Shipment tables */
INSERT INTO JobTitle_T VALUES (634789234, 'Project Management', '05/05/2015');
INSERT INTO JobTitle_T VALUES (894302987, 'GUI Developer', '05/10/2015');
INSERT INTO JobTitle_T VALUES (998321456, 'Team Leader', '05/05/2015');
INSERT INTO JobTitle_T VALUES (998456734, 'Tester', '05/10/2015');
INSERT INTO JobTitle_T VALUES (998123456, 'Designer', '05/10/2015');

INSERT INTO JobArchive_T VALUES (634789234, 123498864);
INSERT INTO JobArchive_T VALUES (894302987, 123400664);
INSERT INTO JobArchive_T VALUES (998321456, 100406366);
INSERT INTO JobArchive_T VALUES (998456734, 923146001);
INSERT INTO JobArchive_T VALUES (998123456, 911000183);

INSERT INTO Client_T VALUES (343243284, 4168870984, 'Apple Wood', '34 Piila Ville', '04/20/2016');
INSERT INTO Client_T VALUES (979327400, 6473564567, 'Darkest Dungeon', '54 Azen Road', '03/14/2016');
INSERT INTO Client_T VALUES (325995644, 4167564356, 'Twisted Metal', '76 Huecco Mundo', '06/25/2016');
INSERT INTO Client_T VALUES (208049792, 6478475637, 'Winky Dolse', '56 MetalBloor Road', '05/26/2016');
INSERT INTO Client_T VALUES (987983424, 6479870978, 'Game Freak', '20 Artorias Lane', '12/24/2016');
INSERT INTO Client_T VALUES (873892684, 4167653902, 'Land of Life', '40 Magical Avenue', '11/30/2016');
INSERT INTO Client_T VALUES (977348732, 6476343294, 'Halo Verse', '45 Telentent', '09/18/2016');
INSERT INTO Client_T VALUES (997097878, 6476634882, 'Inquisition', '69 rodent Street', '07/16/2016');


INSERT INTO ClientProject_T VALUES (343243284, 651320103);
INSERT INTO ClientProject_T VALUES (979327400, 456801325);
INSERT INTO ClientProject_T VALUES (325995644, 882999160);
INSERT INTO ClientProject_T VALUES (208049792, 267032121);
INSERT INTO ClientProject_T VALUES (987983424, 911027081);

INSERT INTO Vendor_T VALUES (374652345, '222 Apple Cove');
INSERT INTO Vendor_T VALUES (474859456, '20 Pine Cres');
INSERT INTO Vendor_T VALUES (435466756, '34 Viridian City');
INSERT INTO Vendor_T VALUES (235436576, ' 56 Pallet Town');
INSERT INTO Vendor_T VALUES (768764243, ' 73 Cereulean City');
INSERT INTO Vendor_T VALUES (958687879, ' 22 Indigo Plateau');

INSERT INTO Equipment_T VALUES (987654321, 3000.00, 'Microsoft');
INSERT INTO Equipment_T VALUES (123409876, 2000.00, 'AMD');
INSERT INTO Equipment_T VALUES (990087654, 3789.00, 'Intel');
INSERT INTO Equipment_T VALUES (945945672, 3472.00, 'Sony');
INSERT INTO Equipment_T VALUES (458734567, 5004.00, 'Radeon');
INSERT INTO Equipment_T VALUES (385745934, 3600.00, 'Apple');

INSERT INTO Shipment_T VALUES (374652345, 987654321, '09/18/2017', '09/11/2017');
INSERT INTO Shipment_T VALUES (474859456, 123409876, '08/20/2017', '08/13/2017');
INSERT INTO Shipment_T VALUES (435466756, 990087654, '06/30/2017', '06/16/2017');
INSERT INTO Shipment_T VALUES (235436576, 945945672, '01/19/2017', '01/12/2017');
INSERT INTO Shipment_T VALUES (768764243, 458734567, '04/20/2017', '04/13/2017');
INSERT INTO Shipment_T VALUES (958687879, 385745934, '06/19/2017', '06/01/2017');


/* Save all changes to table rows */
COMMIT;

/* Run basic queries over every table to verify data */

SELECT * FROM Shipment_T;
SELECT * FROM Equipment_T;
SELECT * FROM Vendor_T;
SELECT * FROM ClientProject_T;
SELECT * FROM Client_T;
SELECT * FROM JobArchive_T;
SELECT * FROM JobTitle_T;